{
    "prc": [
        {
            "precision": 0.3285302593659942,
            "recall": 1.0,
            "threshold": 0
        },
        {
            "precision": 0.5934065934065934,
            "recall": 0.47368421052631576,
            "threshold": 1
        }
    ]
}